route_id,status,score_composed,score_route,score_penalty,num_infractions,wall_seconds,result,timestamp
"1825","Completed",100.0,100,1.0,18,255,DONE,2026-06-11T19:24:54
"2513","Completed",100.0,100,1.0,18,182,DONE,2026-06-11T19:27:56
"2606","Completed",100.0,100,1.0,18,227,DONE,2026-06-11T19:31:43
"1711","Completed",100.0,100,1.0,20,188,DONE,2026-06-11T19:34:51
"1773","Completed",100.0,100,1.0,18,169,DONE,2026-06-11T19:37:40
"1790","Completed",100.0,100,1.0,21,198,DONE,2026-06-11T19:40:58
"1792","Completed",100.0,100,1.0,20,162,DONE,2026-06-11T19:49:00
"1833","Completed",100.0,100,1.0,20,226,DONE,2026-06-11T19:52:46
"1852","Completed",100.0,100,1.0,20,217,DONE,2026-06-11T19:56:23
"1956","Completed",100.0,100,1.0,20,205,DONE,2026-06-11T19:59:48
"2050","Completed",100.0,100,1.0,21,139,DONE,2026-06-11T20:02:07
"2082","Completed",100.0,100,1.0,18,148,DONE,2026-06-11T20:04:35
"2084","Completed",100.0,100,1.0,21,937,DONE,2026-06-11T20:20:12
"2086","Completed",100.0,100,1.0,21,151,DONE,2026-06-11T20:22:43
"2091","Completed",100.0,100,1.0,20,174,DONE,2026-06-11T20:25:37
"2115","Completed",100.0,100,1.0,19,148,DONE,2026-06-11T20:28:05
"2127","Completed",60.0,100,0.6,21,164,DONE,2026-06-11T20:30:49
"2129","Completed",100.0,100,1.0,18,144,DONE,2026-06-11T20:33:13
"2143","Completed",100.0,100,1.0,20,175,DONE,2026-06-11T20:36:07
"2144","Completed",100.0,100,1.0,20,329,DONE,2026-06-11T20:41:37
"2164","Completed",100.0,100,1.0,20,223,DONE,2026-06-11T20:45:19
"2201","Completed",42.0,100,0.42,19,263,DONE,2026-06-11T20:49:42
"2204","Failed - TickRuntime",30.26,30.26,1.0,5,1089,DONE,2026-06-11T21:07:51
"2215","Completed",70.0,100,0.7,21,232,DONE,2026-06-11T21:11:43
"2273","Completed",100.0,100,1.0,21,135,DONE,2026-06-11T21:13:57
"2283","Completed",100.0,100.0,1.0,20,172,DONE,2026-06-11T21:16:49
"2286","Completed",100.0,100,1.0,19,154,DONE,2026-06-11T21:19:23
"2373","Completed",100.0,100,1.0,19,147,DONE,2026-06-11T21:21:50
"2390","Completed",100.0,100,1.0,18,119,DONE,2026-06-11T21:23:49
"2397","Completed",100.0,100,1.0,19,125,DONE,2026-06-11T21:25:54
"2403","Completed",100.0,100,1.0,19,118,DONE,2026-06-11T21:27:52
"2416","Completed",100.0,100,1.0,20,172,DONE,2026-06-11T21:30:44
"2534","Completed",100.0,100,1.0,19,162,DONE,2026-06-11T21:33:26
"2539","Completed",100.0,100,1.0,19,166,DONE,2026-06-11T21:36:13
"2554","Completed",100.0,100,1.0,18,160,DONE,2026-06-11T21:38:53
"2643","Completed",100.0,100,1.0,19,351,DONE,2026-06-11T21:44:44
"2664","Completed",100.0,100,1.0,18,250,DONE,2026-06-11T21:48:53
"2668","Completed",100.0,100,1.0,20,305,DONE,2026-06-11T21:53:59
"2709","Completed",100.0,100,1.0,20,178,DONE,2026-06-11T21:56:56
"2715","Completed",100.0,100,1.0,20,168,DONE,2026-06-11T21:59:44
"2790","Completed",98.993457,100,0.989935,20,138,DONE,2026-06-11T22:02:02
"2802","Completed",100.0,100,1.0,20,292,DONE,2026-06-11T22:06:54
"2844","Completed",100.0,100,1.0,21,166,DONE,2026-06-11T22:09:40
"2847","Completed",100.0,100,1.0,18,166,DONE,2026-06-11T22:12:26
"2881","Completed",100.0,100,1.0,21,160,DONE,2026-06-11T22:15:06
"2903","Failed - TickRuntime",21.132,35.22,0.6,6,1139,DONE,2026-06-11T22:34:05
"2913","Completed",100.0,100,1.0,21,175,DONE,2026-06-11T22:37:00
"2943","Completed",100.0,100,1.0,20,355,DONE,2026-06-11T22:42:55
"2989","Failed - TickRuntime",32.56,32.56,1.0,6,1285,DONE,2026-06-11T23:04:20
"3048","Completed",100.0,100,1.0,20,157,DONE,2026-06-11T23:06:56
"3072","Completed",100.0,100,1.0,20,164,DONE,2026-06-11T23:09:40
"3074","Completed",100.0,100,1.0,19,149,DONE,2026-06-11T23:12:09
"3080","Completed",100.0,100,1.0,20,169,DONE,2026-06-11T23:14:58
"3086","Completed",100.0,100,1.0,17,232,DONE,2026-06-11T23:18:50
"3090","Completed",100.0,100,1.0,17,144,DONE,2026-06-11T23:21:14
"3093","Completed",60.0,100,0.6,19,169,DONE,2026-06-11T23:24:03
"3099","Completed",100.0,100,1.0,18,308,DONE,2026-06-11T23:29:11
"3100","Completed",100.0,100,1.0,17,154,DONE,2026-06-11T23:31:45
"3144","Completed",100.0,100,1.0,19,280,DONE,2026-06-11T23:36:25
"3178","Completed",100.0,100,1.0,18,174,DONE,2026-06-11T23:39:20
"3184","Completed",100.0,100,1.0,18,172,DONE,2026-06-11T23:42:12
"3189","Completed",100.0,100,1.0,18,395,DONE,2026-06-11T23:48:47
"3248","Completed",100.0,100,1.0,20,242,DONE,2026-06-11T23:52:49
"3255","Completed",100.0,100,1.0,21,270,DONE,2026-06-11T23:57:19
"3307","Completed",100.0,100,1.0,20,195,DONE,2026-06-12T00:00:34
"3364","Completed",70.0,100,0.7,20,154,DONE,2026-06-12T00:03:08
"3373","Completed",70.0,100,0.7,20,167,DONE,2026-06-12T00:05:55
"3378","Completed",70.0,100,0.7,20,179,DONE,2026-06-12T00:08:55
"3380","Completed",70.0,100,0.7,19,184,DONE,2026-06-12T00:11:59
"3410","Completed",100.0,100,1.0,20,349,DONE,2026-06-12T00:17:48
"3436","Completed",21.6,100,0.216,21,678,DONE,2026-06-12T00:29:06
"3457","Completed",100.0,100,1.0,18,230,DONE,2026-06-12T00:32:56
"3464","Completed",100.0,100,1.0,20,254,DONE,2026-06-12T00:37:10
"3472","Completed",100.0,100,1.0,19,201,DONE,2026-06-12T00:40:31
"3476","Completed",100.0,100,1.0,18,187,DONE,2026-06-12T00:43:37
"3482","Completed",100.0,100,1.0,18,1043,DONE,2026-06-12T01:01:00
"3514","Completed",100.0,100,1.0,20,237,DONE,2026-06-12T01:04:57
"3520","Completed",100.0,100,1.0,19,242,DONE,2026-06-12T01:08:59
"3540","Completed",100.0,100,1.0,20,243,DONE,2026-06-12T01:13:03
"3561","Completed",100.0,100,1.0,19,197,DONE,2026-06-12T01:16:19
"3564","Completed",100.0,100,1.0,19,258,DONE,2026-06-12T01:20:37
"3572","Completed",100.0,100,1.0,18,171,DONE,2026-06-12T01:23:28
"3575","Completed",100.0,100,1.0,19,163,DONE,2026-06-12T01:26:12
"3666","Completed",100.0,100,1.0,20,178,DONE,2026-06-12T01:29:10
"3670","Completed",100.0,100,1.0,20,177,DONE,2026-06-12T01:32:07
"3676","Completed",100.0,100,1.0,19,178,DONE,2026-06-12T01:35:05
"3697","Completed",100.0,100,1.0,20,194,DONE,2026-06-12T01:38:18
"3708","Completed",100.0,100,1.0,18,215,DONE,2026-06-12T01:41:53
"3712","Completed",100.0,100,1.0,21,214,DONE,2026-06-12T01:45:27
"3717","Completed",100.0,100,1.0,20,227,DONE,2026-06-12T01:49:14
"3731","Completed",100.0,100,1.0,21,202,DONE,2026-06-12T01:52:36
"3737","Completed",100.0,100,1.0,20,299,DONE,2026-06-12T01:57:35
"3749","Completed",100.0,100,1.0,18,223,DONE,2026-06-12T02:01:18
"3785","Completed",100.0,100,1.0,20,197,DONE,2026-06-12T02:04:35
"3800","Completed",100.0,100.0,1.0,21,197,DONE,2026-06-12T02:07:52
"3813","Completed",100.0,100,1.0,19,201,DONE,2026-06-12T02:11:13
"3865","Completed",100.0,100,1.0,18,170,DONE,2026-06-12T02:14:04
"3869","Completed",100.0,100,1.0,18,226,DONE,2026-06-12T02:17:49
"3876","Completed",100.0,100,1.0,19,190,DONE,2026-06-12T02:21:00
"3890","Completed",100.0,100,1.0,18,152,DONE,2026-06-12T02:23:32
"3904","Completed",100.0,100,1.0,20,183,DONE,2026-06-12T02:26:35
"3905","Failed - Agent got blocked",7.94,7.94,1.0,2,376,DONE,2026-06-12T02:32:51
"3936","Completed",100.0,100,1.0,18,162,DONE,2026-06-12T02:35:33
"4183","Completed",100.0,100,1.0,19,138,DONE,2026-06-12T02:37:51
"4468","Completed",100.0,100,1.0,20,156,DONE,2026-06-12T02:40:27
"4669","Completed",100.0,100,1.0,20,144,DONE,2026-06-12T02:42:52
"4683","Completed",100.0,100,1.0,20,149,DONE,2026-06-12T02:45:20
"4937","Completed",100.0,100,1.0,17,125,DONE,2026-06-12T02:47:26
"10857","Completed",100.0,100,1.0,20,280,DONE,2026-06-12T02:52:06
"11381","Completed",100.0,100,1.0,20,360,DONE,2026-06-12T02:58:06
"11715","Completed",100.0,100,1.0,19,159,DONE,2026-06-12T03:00:45
"11755","Failed - Agent deviated from the route",29.628,49.38,0.6,10,2091,DONE,2026-06-12T03:35:37
"14194","Completed",100.0,100,1.0,20,189,DONE,2026-06-12T03:38:46
"14842","Completed",100.0,100,1.0,20,135,DONE,2026-06-12T03:41:01
"14862","Completed",100.0,100,1.0,18,201,DONE,2026-06-12T03:44:23
"14909","Completed",100.0,100,1.0,20,116,DONE,2026-06-12T03:46:18
"17563","Completed",60.0,100,0.6,20,133,DONE,2026-06-12T03:48:31
"17569","Completed",100.0,100,1.0,19,156,DONE,2026-06-12T03:51:07
"17598","Completed",100.0,100,1.0,17,186,DONE,2026-06-12T03:54:13
"17635","Completed",60.0,100,0.6,20,150,DONE,2026-06-12T03:56:44
"17655","Completed",60.0,100,0.6,19,135,DONE,2026-06-12T03:58:59
"17752","Completed",100.0,100,1.0,20,369,DONE,2026-06-12T04:05:07
"18252","Completed",50.0,100,0.5,21,194,DONE,2026-06-12T04:08:21
"18305","Completed",100.0,100,1.0,20,201,DONE,2026-06-12T04:11:42
"18311","Completed",100.0,100,1.0,19,197,DONE,2026-06-12T04:14:59
"18356","Completed",100.0,100,1.0,19,197,DONE,2026-06-12T04:18:17
"20920","Completed",100.0,100,1.0,19,250,DONE,2026-06-12T04:22:27
"23658","Completed",100.0,100,1.0,19,140,DONE,2026-06-12T04:24:47
"23659","Failed - Agent deviated from the route",79.89,79.89,1.0,13,131,DONE,2026-06-12T04:26:58
"23670","Completed",100.0,100.0,1.0,21,202,DONE,2026-06-12T04:30:21
"23687","Completed",96.770791,100,0.967708,21,169,DONE,2026-06-12T04:33:10
"23695","Completed",60.0,100,0.6,21,165,DONE,2026-06-12T04:35:55
"23700","Completed",100.0,100,1.0,20,167,DONE,2026-06-12T04:38:42
"23708","Completed",100.0,100,1.0,20,133,DONE,2026-06-12T04:40:55
"23771","Completed",100.0,100,1.0,20,145,DONE,2026-06-12T04:43:21
"23901","Completed",100.0,100.0,1.0,21,211,DONE,2026-06-12T04:46:51
"23910","Failed - Agent deviated from the route",96.08,96.08,1.0,19,130,DONE,2026-06-12T04:49:01
"23918","Completed",100.0,100.0,1.0,21,183,DONE,2026-06-12T04:52:04
"23930","Completed",100.0,100.0,1.0,20,146,DONE,2026-06-12T04:54:30
"24041","Failed - Agent got blocked",55.628204,89.97,0.618297,20,725,DONE,2026-06-12T05:06:35
"24071","Completed",100.0,100,1.0,21,159,DONE,2026-06-12T05:09:14
"24078","Completed",60.0,100,0.6,21,164,DONE,2026-06-12T05:11:58
"24092","Completed",100.0,100,1.0,20,172,DONE,2026-06-12T05:14:50
"24098","Failed - Agent deviated from the route",96.08,96.08,1.0,19,127,DONE,2026-06-12T05:16:57
"24206","Failed - Simulation crashed",0.0,0.0,1.0,0,1898,FAILED,2026-06-12T05:48:36
"24211","Completed",100.0,100,1.0,18,118,DONE,2026-06-12T05:50:33
"24224","Completed",50.0,100,0.5,21,88,DONE,2026-06-12T05:52:01
"24240","Completed",100.0,100,1.0,19,120,DONE,2026-06-12T05:54:01
"24252","Completed",100.0,100,1.0,20,148,DONE,2026-06-12T05:56:29
"24258","Completed",100.0,100,1.0,19,486,DONE,2026-06-12T06:04:35
"24294","Completed",100.0,100,1.0,19,220,DONE,2026-06-12T06:08:15
"24330","Completed",100.0,100,1.0,19,168,DONE,2026-06-12T06:11:03
"24333","Completed",100.0,100,1.0,18,155,DONE,2026-06-12T06:13:38
"24340","Completed",100.0,100,1.0,19,110,DONE,2026-06-12T06:15:28
"24367","Completed",100.0,100,1.0,18,140,DONE,2026-06-12T06:17:49
"24757","Completed",100.0,100,1.0,21,101,DONE,2026-06-12T06:19:29
"24759","",,,,,3650,FAILED,2026-06-12T07:20:20
"24781","Completed",100.0,100,1.0,18,236,DONE,2026-06-12T07:24:16
"24784","Completed",100.0,100,1.0,19,204,DONE,2026-06-12T07:27:40
"24785","Completed",100.0,100,1.0,20,135,DONE,2026-06-12T07:29:54
"24795","Completed",100.0,100,1.0,20,131,DONE,2026-06-12T07:32:05
"24816","Failed - Simulation crashed",0.0,0.0,1.0,0,1892,FAILED,2026-06-12T08:03:37
"24841","Completed",100.0,100,1.0,20,123,DONE,2026-06-12T08:05:40
"25300","Completed",100.0,100,1.0,19,145,DONE,2026-06-12T08:08:05
"25318","Completed",100.0,100,1.0,18,132,DONE,2026-06-12T08:10:17
"25358","Completed",100.0,100,1.0,19,133,DONE,2026-06-12T08:12:31
"25378","Failed - Simulation crashed",0.0,0.0,1.0,0,1888,FAILED,2026-06-12T08:43:58
"25381","",,,,,1897,FAILED,2026-06-12T09:15:36
"25383","Completed",100.0,100,1.0,18,125,DONE,2026-06-12T09:17:41
"25424","Completed",100.0,100,1.0,19,133,DONE,2026-06-12T09:19:54
"25439","Completed",100.0,100,1.0,18,114,DONE,2026-06-12T09:21:48
"25845","Completed",100.0,100,1.0,19,217,DONE,2026-06-12T09:25:25
"25854","Failed - Simulation crashed",0.0,0.0,1.0,0,1887,FAILED,2026-06-12T09:56:52
"25857","",,,,,3652,FAILED,2026-06-12T10:57:44
"25863","Completed",100.0,100,1.0,17,195,DONE,2026-06-12T11:00:59
"25865","Completed",100.0,100,1.0,18,133,DONE,2026-06-12T11:03:12
"25896","Failed - Simulation crashed",0.0,0.0,1.0,0,1891,FAILED,2026-06-12T11:34:43
"25928","Completed",100.0,100,1.0,18,981,DONE,2026-06-12T11:51:04
"25951","Completed",100.0,100,1.0,20,219,DONE,2026-06-12T11:54:43
"25955","",,,,,3651,FAILED,2026-06-12T12:55:34
"25968","Completed",100.0,100,1.0,19,221,DONE,2026-06-12T12:59:15
"25975","Completed",100.0,100,1.0,19,239,DONE,2026-06-12T13:03:14
"26393","",,,,,1890,FAILED,2026-06-12T13:34:44
"26394","Completed",100.0,100,1.0,19,102,DONE,2026-06-12T13:36:26
"26396","Completed",100.0,100,1.0,20,109,DONE,2026-06-12T13:38:15
"26401","Completed",60.0,100,0.6,19,102,DONE,2026-06-12T13:39:57
"26405","Completed",100.0,100,1.0,18,122,DONE,2026-06-12T13:41:59
"26406","Completed",100.0,100,1.0,20,173,DONE,2026-06-12T13:44:52
"26408","Completed",100.0,100,1.0,19,97,DONE,2026-06-12T13:46:28
"26418","Completed",100.0,100,1.0,20,118,DONE,2026-06-12T13:48:26
"26435","Failed - Simulation crashed",0.0,0.0,1.0,0,1905,FAILED,2026-06-12T14:20:12
"26456","Failed - Simulation crashed",0.0,0.0,1.0,0,1893,FAILED,2026-06-12T14:51:45
"26458","Completed",100.0,100,1.0,20,92,DONE,2026-06-12T14:53:17
"26944","Completed",100.0,100,1.0,17,272,DONE,2026-06-12T14:57:49
"26950","Failed - Simulation crashed",0.0,0.0,1.0,0,1886,FAILED,2026-06-12T15:29:15
"26956","",,,,,1904,FAILED,2026-06-12T16:00:59
"26966","",,,,,1898,FAILED,2026-06-12T16:32:37
"26990","Failed - Simulation crashed",0.0,0.0,1.0,0,1890,FAILED,2026-06-12T17:04:08
"27018","Completed",60.0,100,0.6,22,99,DONE,2026-06-12T17:05:47
"27494","Completed",100.0,100,1.0,17,146,DONE,2026-06-12T17:08:12
"27506","Completed",100.0,100,1.0,21,137,DONE,2026-06-12T17:10:30
"27515","Failed - Simulation crashed",0.0,0.0,1.0,0,1886,FAILED,2026-06-12T17:41:56
"27529","Completed",100.0,100,1.0,19,318,DONE,2026-06-12T17:47:14
"27532","Completed",100.0,100,1.0,19,183,DONE,2026-06-12T17:50:17
"27582","Completed",100.0,100,1.0,19,134,DONE,2026-06-12T17:52:31
"28035","Completed",70.0,100,0.7,20,117,DONE,2026-06-12T17:54:29
"28048","",,,,,3651,FAILED,2026-06-12T18:55:20
"28087","Completed",100.0,100,1.0,21,111,DONE,2026-06-12T18:57:11
"28093","Failed - TickRuntime",30.86,30.86,1.0,4,1078,DONE,2026-06-12T19:15:09
"28099","Completed",100.0,100,1.0,19,123,DONE,2026-06-12T19:17:12
"28111","Completed",100.0,100,1.0,17,94,DONE,2026-06-12T19:18:46
"28154","Completed",100.0,100,1.0,20,178,DONE,2026-06-12T19:21:44
"28198","Completed",100.0,100,1.0,19,103,DONE,2026-06-12T19:23:27
"28210","Completed",100.0,100,1.0,18,171,DONE,2026-06-12T19:26:19
"28219","Completed",100.0,100,1.0,18,275,DONE,2026-06-12T19:30:53
"28229","Completed",100.0,100,1.0,19,182,DONE,2026-06-12T19:33:55
"28241","Completed",100.0,100,1.0,20,170,DONE,2026-06-12T19:36:46
"28243","Completed",100.0,100,1.0,17,159,DONE,2026-06-12T19:39:25
"28330","Completed",60.0,100,0.6,21,166,DONE,2026-06-12T19:42:11
"2204","Failed - TickRuntime",30.26,30.26,1.0,5,1116,DONE,2026-06-13T00:26:40
"24206","Failed - Simulation crashed",0.0,0.0,1.0,0,1914,FAILED,2026-06-13T00:58:34
"24759","",,,,,3660,FAILED,2026-06-13T01:59:34
"24816","Failed - Simulation crashed",0.0,0.0,1.0,0,1895,FAILED,2026-06-13T02:31:09
